"Date","Water Consumption (Liters)","Orders","City","Sales Rep","Total Revenue (€1000)"
"2023-07-01",1200,50,"Paris","Sophie Dupont",50
"2023-07-02",1500,60,"Berlin","Max Mustermann",60
"2023-07-03",1800,70,"Madrid","Maria García",70
"2023-07-04",2000,80,"Rome","Mario Rossi",80
"2023-07-05",2200,90,"Athens","Maria Papadopoulos",90
"2023-07-06",2400,100,"Vienna","Anna Müller",100
"2023-07-07",2600,110,"Warsaw","Jan Kowalski",110
"2023-07-08",2800,120,"Budapest","János Kovács",120
"2023-07-09",3000,130,"Lisbon","Maria Silva",130
"2023-07-10",3200,140,"Copenhagen","Hans Jensen",140
"2023-07-11",3400,150,"Brussels","Marie Dupont",150
"2023-07-12",3600,160,"Dublin","Patrick Murphy",160
"2023-07-13",3800,170,"Amsterdam","Jan Jansen",170
"2023-07-14",4000,180,"Stockholm","Anna Svensson",180
"2023-07-15",4200,190,"Helsinki","Johanna Korhonen",190
"2023-07-16",4400,200,"Oslo","Ole Olsen",200
"2023-07-17",4600,210,"Reykjavik","Anna Jónsdóttir",210
"2023-07-18",4800,220,"Prague","Jan Novák",220
"2023-07-19",5000,230,"Zurich","Anna Meier",230
"2023-07-20",5200,240,"London","John Smith",240
